ID,GITHUB_ID,GITHUB_URL,USEFULL,COMMENT,PREFERED,GITHUB_OWNER_NAME,GITHUB_PROJECT_NAME,GITHUB_DESCRIPTION,GITHUB_LICENSE,GITHUB_IS_FORK,GITHUB_NR_STARGAZERS,GITHUB_NR_WATCHERS,GITHUB_NR_FORKS,GITHUB_NR_OPEN_ISSUES,GITHUB_REPO_CREATION_DATE,GITHUB_LANGUAGE,GIT_PULL_HASH,GIT_PULL_DATE,GIT_NR_COMMITS,GIT_NR_COMMITTERS,GIT_FIRST_COMMIT_DATE,GIT_LAST_COMMIT_DATE,PROCESSED,
481,21417,https://github.com/acangiano/ruby-benchmark-suite,0,Ruby testsuite,,acangiano,ruby-benchmark-suite,A set of Ruby benchmarks for testing Ruby implementations.,mit,0,162,162,20,1,2008-06-01,C,314ae79f97110a6ee1248dcdf2c4ac2ee4778dec,2017-11-24,222,14,2008-06-02,2013-11-15,0,
608,25721,https://github.com/drogus/apache-upload-progress-module,0,plugin for apache,,drogus,apache-upload-progress-module,Upload progress module for apache,mit,0,154,154,25,5,2008-06-16,C,2d8903e4a0aca2bc769875d89408b406899b9c86,2017-11-24,145,14,2008-06-16,2016-07-27,0,
344,37561,https://github.com/chipx86/gtkparasite,0,gtk debugging tool,,chipx86,gtkparasite,A utility similar to Firebug but for GTK+ applications.,mit,0,183,183,33,5,2008-07-27,C,445cd7a0fb6407b2bc1f979ec11d5e57da80df22,2017-11-24,90,9,2008-07-27,2013-12-30,0,
531,129521,https://github.com/mmower/spike,0,objc,,mmower,spike,Tool for exploring rails application log files.,mit,0,159,159,5,5,2009-02-15,C,26efe640c18166c5c85e6fe13e9b08c3615b9773,2017-11-24,61,3,2009-02-15,2011-03-21,0,
201,146167,https://github.com/tyler/trie,1,used library is c only,,tyler,trie,"A super fast, efficiently stored Trie for Ruby.  Uses libdatrie.",mit,0,195,195,29,15,2009-03-09,C,b749c47278c4f99eab55363a6d51625af9286e47,2017-11-24,92,7,2009-03-08,2015-08-03,0,
477,160997,https://github.com/apache/apr,1,"abstraction of platform library, contains some functions which can be benchmarked",,apache,apr,Mirror of Apache Portable Runtime,apache-2.0,0,163,163,94,4,2009-03-27,C,008ce98b5327ea8fdfbfdca26dc761c4dc4cc4d9,2017-11-24,8559,71,1999-08-17,2017-11-05,0,
542,173675,https://github.com/xorg62/wmfs,0,x11 dependency,,xorg62,wmfs,"Window Manager From Scratch, A tiling window manager highly configurable.",bsd-3-clause,0,159,159,30,32,2009-04-11,C,3c701a9b349980034ffdbbc3e46664c5e24b37e4,2017-11-24,400,16,2011-06-22,2013-08-14,0,
158,228144,https://github.com/face/MongooseDaemon,0,objc,,face,MongooseDaemon,An objective-c wrapper for embedding the mongoose http web server in iPhone apps,bsd-3-clause,0,199,199,44,5,2009-06-15,C,453b199591ee88c484c425deb27270e563ef9ce9,2017-11-24,5,2,2009-06-16,2009-10-29,0,
303,327499,https://github.com/lloyd/orderly,1,"has ruby tests, but remaining part looks ok",,lloyd,orderly,The reference implementation of orderly: a schema language for JSON.,bsd-3-clause,0,187,187,20,8,2009-10-05,C,8e1362578b6d50a61112b3dcbceebaec81c4b004,2017-11-24,277,5,2009-10-05,2010-03-01,0,
472,328597,https://github.com/nitlang/nit,1,has included benchmarks,1,nitlang,nit,Nit language,apache-2.0,0,163,163,57,181,2009-10-06,C,1b1706eed1a31f4d1c3ef48e184e50ec2e0f7741,2017-11-24,10794,39,2008-07-09,2017-11-13,0,
268,333999,https://github.com/leafo/aroma,0,"dependency on opengl, lua",,leafo,aroma,"a game engine: lua, opengl es 2.0, native client",mit,0,190,190,16,7,2009-10-11,C,511d6892e239e45163b2a7743fa8da290e726b38,2017-11-24,210,3,2009-10-11,2012-09-03,0,
122,363669,https://github.com/michaelforney/velox,0,window manager,,michaelforney,velox,velox window manager,mit,0,171,171,9,12,2009-11-06,C,0b1d3d62861653d92d0a1056855a84fcef661bc0,2017-11-23,431,3,2009-10-31,2017-07-04,0,
491,462514,https://github.com/rigtorp/ipc-bench,1,benchmark for unix ipc,1,rigtorp,ipc-bench,Latency benchmarks of Unix IPC mechanisms,mit,0,162,162,76,2,2010-01-07,C,b1ce1b74615761b485ca758025788959d2518b95,2017-11-24,29,7,2010-01-07,2016-12-23,0,
315,487733,https://github.com/koanlogic/libu,1,platform independent library,,koanlogic,libu,"LibU is a multiplatform utility library written in C, with APIs for handling memory allocation, networking and URI parsing, string manipulation, debugging, and logging in a very compact way, plus many other miscellaneous tasks",bsd-3-clause,0,186,186,50,0,2010-01-25,C,d6d6c3a73500d9e06e8a18d68d59636ccb1e8760,2017-11-24,819,8,2005-09-23,2012-04-16,0,
615,507969,https://github.com/mm2/Little-CMS,0,color profile management,,mm2,Little-CMS,"A free, open source, CMM engine. It provides fast transforms between ICC profiles.",mit,0,154,154,62,18,2010-02-08,C,7e8fd03caab837c3be1ed3e256ab18f45a384165,2017-11-24,438,25,2010-02-08,2017-11-12,0,
522,662310,https://github.com/todbot/arduino-serial,0,requires hardware access,,todbot,arduino-serial,"Example C and Java host code to talking to an arduino or other ""serial"" device",mit,0,160,160,64,10,2010-05-12,C,e5958dc3bfd44a303456ff22da53974424da646d,2017-11-24,15,5,2010-05-11,2015-10-28,0,
348,767969,https://github.com/disconnect/apache-websocket,0,plugin for apache,,disconnect,apache-websocket,Apache WebSocket module,apache-2.0,0,183,183,53,28,2010-07-10,C,cfaef071223f11ba016bff7e1e4b7c9e5df45b50,2017-11-24,21,2,2010-07-10,2012-09-23,0,
43,820809,https://github.com/sorbo/tcpcrypt,0,does change behaviour of network traffic,,sorbo,tcpcrypt,Fast TCP encryption,bsd-2-clause,0,177,177,79,27,2010-08-06,C,b2673e88570d3370e6b37698f58d5ee9bb116d8d,2017-11-23,237,7,2010-08-06,2014-07-24,0,
28,894411,https://github.com/wbhart/bsdnt,1,bignum library,1,wbhart,bsdnt,BSD Licensed Bignum Library,bsd-2-clause,0,178,178,21,7,2010-09-07,C,8ca5b3ad19b69dacdb12a4c11c16aab0e0ab3b0b,2017-11-23,829,10,2010-09-04,2017-09-07,0,
636,907573,https://github.com/nmaier/mod_xsendfile,0,plugin for apache,,nmaier,mod_xsendfile,Apache2 module that processes X-SENDFILE headers to serve static files from dynamic handlers efficiently,apache-2.0,0,153,153,28,22,2010-09-13,C,f181be5964a994a636d612dfa1b17394c3d8b116,2017-11-24,59,3,2007-04-17,2012-05-09,0,
486,961898,https://github.com/wvanbergen/oily_png,1,used library is c only,1,wvanbergen,oily_png,Native mixin to speed up ChunkyPNG.,mit,0,162,162,12,1,2010-10-04,C,33e942df9d39bd5b661e9260802b1a3eb7f2908c,2017-11-24,142,10,2010-10-04,2017-09-02,0,
255,975840,https://github.com/aidansteele/MagicKit,0,objc,,aidansteele,MagicKit,MagicKit is an Objective-C file identification framework based on libmagic.,mit,0,191,191,38,5,2010-10-10,C,5e2c4bac19fd75e590c03e89d3ae5afc3ddcad1b,2017-11-24,49,7,2010-10-10,2013-02-20,0,
587,1017693,https://github.com/nigma/pywt,0,python project,,nigma,pywt,We're moving. Please visit https://github.com/PyWavelets,mit,0,155,155,165,0,2010-10-23,C,035e1fa14c2cd70ca270da20b1523e834a7ae635,2017-11-24,217,3,2006-07-07,2015-07-29,0,
427,1033853,https://github.com/swenson/sort,1,sorting algorithm,1,swenson,sort,"Sorting routine implementations in ""template"" C",mit,0,167,167,44,3,2010-10-29,C,fec3e5aa664047aa6ec2e51d6d89a14f11418f98,2017-11-24,113,10,2010-10-26,2017-11-08,0,
241,1036177,https://github.com/coolaj86/libev-examples,1,high performance event loop,,coolaj86,libev-examples,A nice place for simple libev examples. Please contribute.,mit,0,192,192,76,5,2010-10-29,C,48632c7e714d4b61122a05fab30906ea90f2d51b,2017-11-24,61,4,2010-10-30,2017-01-07,0,
390,1186996,https://github.com/Yubico/yubikey-personalization,0,requires hardware access,,Yubico,yubikey-personalization,YubiKey Personalization cross-platform library and tool,bsd-2-clause,0,169,169,50,8,2010-12-21,C,a206c64f7212c25231720834a19a4e65c0e1ca11,2017-11-24,1096,28,2008-09-18,2017-10-24,0,
800,1197303,https://github.com/ohmu/pgmemcache,0,plugin for postgresql,,ohmu,pgmemcache,PostgreSQL memcache functions,mit,0,144,144,14,3,2010-12-25,C,e3c8462632751e20073c7a02285df211c6e35b7d,2017-11-24,147,10,2004-11-30,2017-10-17,0,
762,1232533,https://github.com/serban/kmeans,0,CUDA implementation,,serban,kmeans,A CUDA implementation of the k-means clustering algorithm,mit,0,146,146,92,4,2011-01-08,C,83e76bf685b62ea4fae37bfc82ecd3a2e2356288,2017-11-24,28,2,2010-11-21,2012-07-12,0,
685,1275763,https://github.com/danomatika/ofxPd,,,,danomatika,ofxPd,(maintained) a Pure Data addon for OpenFrameworks using libpd,bsd-3-clause,0,150,150,39,5,2011-01-20,C,5c9e1de1b62c07838e78d52d6a86fd3eeff07abf,2017-11-24,215,6,2011-01-20,2017-10-26,0,
223,1345732,https://github.com/ktossell/libuvc,,,,ktossell,libuvc,a cross-platform library for USB video devices,bsd-3-clause,0,194,194,160,43,2011-02-09,C,77b43d618e71698f52f7beb88c4b99b5f018259b,2017-11-24,135,24,2012-02-08,2017-08-22,0,
380,1414051,https://github.com/patrickhaller/no-wm,,,,patrickhaller,no-wm,Use X11 without a window manager,cc0-1.0,0,169,169,9,1,2011-02-26,C,47120bb34192786a461270de437b9704d725f492,2017-11-24,70,3,2011-02-26,2017-07-08,0,
366,1426723,https://github.com/antirez/otree,,,,antirez,otree,a simple btree implementation with automatic space reclaiming,bsd-3-clause,0,181,181,42,1,2011-03-01,C,b783258aa44955aed1dd9ef71d1cc3f182ce9e74,2017-11-24,10,4,2011-03-01,2013-07-03,0,
514,1440531,https://github.com/dcreager/libcork,,,,dcreager,libcork,"A simple, easily embeddable cross-platform C library",bsd-3-clause,0,161,161,56,8,2011-03-04,C,41f79a5c78ec1649c4d65bb6695f111e0f982eb5,2017-11-24,334,10,2010-05-05,2017-11-14,0,
705,1459199,https://github.com/zeromq/erlzmq2,,,,zeromq,erlzmq2,Erlang binding for 0MQ (v2),mit,0,149,149,58,22,2011-03-09,C,573d583930c4b1134e504bec83926d188112b401,2017-11-24,123,22,2011-02-17,2016-06-04,0,
64,1507946,https://github.com/artagnon/phoenixfs,,,,artagnon,phoenixfs,a versioning filesystem inspired by git � toy project,bsd-2-clause,0,176,176,18,2,2011-03-21,C,333d93229eaacf3c83874e6e2fcca64c308e18c8,2017-11-23,113,2,2011-03-01,2013-07-09,0,
789,1517965,https://github.com/umurmur/umurmur,,,,umurmur,umurmur,Minimalistic Murmur,bsd-3-clause,0,145,145,32,20,2011-03-23,C,55689f8918dde299c47c06eee4b8eda4a1c9889e,2017-11-24,413,24,2009-08-11,2017-08-28,0,
40,1541278,https://github.com/seppo0010/redislite,,,,seppo0010,redislite,"Redislite is a software library that implements a self-contained, serverless, zero-configuration, redis-compatible database engine.",bsd-2-clause,0,177,177,3,0,2011-03-29,C,47db3edf18f854a6a71ab46e0ecce96ac46717f5,2017-11-23,339,2,2011-03-27,2015-03-02,0,
430,1617331,https://github.com/thasmin/Podax,,,,thasmin,Podax,Podcast client for Android,bsd-2-clause,0,166,166,43,40,2011-04-15,C,f6965bda6be9b32c77a2b5912d905e77efb51995,2017-11-24,855,8,2011-04-15,2015-01-06,0,
504,1679223,https://github.com/benmills/robotskirt,,,,benmills,robotskirt,"A node wrapper for the awesome C markdown parser, sundown.",mit,0,161,161,17,4,2011-04-29,C,b070272e5ee934cf1d12399e4425deb2dd1dad84,2017-11-24,170,10,2011-04-29,2013-11-16,0,
772,1769703,https://github.com/rayh/kvo-block-binding,,,,rayh,kvo-block-binding,Use blocks to observe Objective-C properties using KVO,mit,0,145,145,12,2,2011-05-19,C,010599ac17a08c2af2670c273f53eec065f6564a,2017-11-24,24,7,2011-05-19,2013-05-20,0,
644,1844411,https://github.com/chrismoos/hash-ring,,,,chrismoos,hash-ring,C hash ring library,apache-2.0,0,152,152,33,5,2011-06-03,C,4c429cb229910b01c4a032ecfb1282066142614b,2017-11-24,77,8,2011-05-01,2015-12-10,0,
607,1931034,https://github.com/xinu-os/xinu,,,,xinu-os,xinu,Repository for Xinu source code,bsd-3-clause,0,154,154,67,5,2011-06-21,C,23715ec2821708f5d971a4eee7dea7b57fed8a39,2017-11-24,65,6,2011-06-21,2017-11-10,0,
47,1962322,https://github.com/voidlinux/xbps,,,,voidlinux,xbps,The X Binary Package System,bsd-2-clause,0,177,177,46,60,2011-06-27,C,3012650ba2595d7fe1a3a3b5435ca66cf654ce4a,2017-11-23,2919,28,2009-08-17,2017-10-25,0,
26,2123346,https://github.com/openSUSE/libsolv,,,,openSUSE,libsolv,Library for solving packages and reading repositories,bsd-3-clause,0,178,178,69,46,2011-07-29,C,950e9a9c5e8fc8b61d1093f2b6e28bb2d1c8aac8,2017-11-23,2773,50,2007-10-02,2017-11-16,0,
389,2145286,https://github.com/jech/babeld,,,,jech,babeld,The Babel routing daemon,mit,0,169,169,50,2,2011-08-02,C,d9390d1fee337c464e67255bbbd879d975e126e2,2017-11-24,1722,18,2007-04-19,2017-07-25,0,
80,2203569,https://github.com/dcjones/hat-trie,,,,dcjones,hat-trie,An efficient trie implementation.,mit,0,174,174,35,7,2011-08-13,C,6dfc9ed82b188e9ba9b6d8a8bef21fef46416e11,2017-11-23,59,9,2011-08-13,2017-06-19,0,
578,2324835,https://github.com/LemonBoy/ldm,,,,LemonBoy,ldm,"A lightweight device mounter, with libudev as only dependency",mit,0,156,156,20,3,2011-09-04,C,0155540a0c93174afcd1bd7b6cb1781d70608ba6,2017-11-24,138,20,2011-09-04,2017-08-11,0,
736,2643157,https://github.com/scottt/debugbreak,,,,scottt,debugbreak,break into the debugger programmatically,bsd-2-clause,0,148,148,19,3,2011-10-25,C,7ee9b29208c2c5aad8a935334062a87c738b6aa4,2017-11-24,35,5,2011-10-25,2017-07-16,0,
25,2762105,https://github.com/lighttpd/lighttpd1.4,,,,lighttpd,lighttpd1.4,lighttpd1.4 on github for easier collaboration - main repo still on lighttpd.net,bsd-3-clause,0,178,178,118,1,2011-11-12,C,de937f47f857608138a697421fc2c47f2281f548,2017-11-23,2514,24,2005-02-20,2017-11-12,0,
53,2819004,https://github.com/zehome/MLVPN,,,,zehome,MLVPN,Multi-link VPN (ADSL/SDSL/xDSL/Network aggregation / bonding),bsd-2-clause,0,176,176,49,29,2011-11-21,C,6f13423b8108f46edb9f230deee20e3741abe64c,2017-11-23,530,15,2011-11-21,2017-09-01,0,
603,3278851,https://github.com/andikleen/snappy-c,,,,andikleen,snappy-c,C port of the snappy compressor,bsd-3-clause,0,155,155,38,3,2012-01-27,C,570fc61b37e8ef6cd2c05d3cb255126eaa45c680,2017-11-24,112,10,2011-07-26,2017-05-02,0,
356,3287337,https://github.com/arut/nginx-dav-ext-module,,,,arut,nginx-dav-ext-module,NGINX WebDAV missing methods support (PROPFIND & OPTIONS),bsd-2-clause,0,182,182,64,22,2012-01-27,C,430fd774fe838a04f1a5defbf1dd571d42300cf9,2017-11-24,26,2,2012-01-28,2017-07-17,0,
316,3366934,https://github.com/dvarrazzo/py-setproctitle,,,,dvarrazzo,py-setproctitle,A Python module to customize the process title,bsd-3-clause,0,185,185,20,10,2012-02-06,C,d6a43b14470d806984d03079164ba05cebb997d0,2017-11-24,228,5,2009-12-01,2016-05-11,0,
592,3616276,https://github.com/derickr/vld,,,,derickr,vld,,bsd-2-clause,0,155,155,36,3,2012-03-04,C,483716c1626d05edb01ef9bc9a70046c327c5218,2017-11-24,294,19,2002-01-02,2017-10-15,0,
524,3626127,https://github.com/roboterclubaachen/xpcc,,,,roboterclubaachen,xpcc,The C++ microcontroller framework xpcc for AVR and Cortex-M,bsd-3-clause,0,160,160,41,31,2012-03-05,C,78c3ae2478e109c401d454210dad2cf2f12662e1,2017-11-24,4343,26,2009-08-31,2017-11-09,0,
597,3748383,https://github.com/pquerna/spedye,,,,pquerna,spedye,,apache-2.0,0,155,155,8,0,2012-03-17,C,35a737d47e381d676ecf0d490954b903ddf6f45b,2017-11-24,21,2,2012-03-14,2012-03-29,0,
103,3948953,https://github.com/cloudwu/mread,,,,cloudwu,mread,Multi-Read from one bind port,mit,0,172,172,82,0,2012-04-06,C,caaa74df0ddba3c1bb3ffdb6180fc37b3f118d92,2017-11-23,33,8,2012-04-06,2015-04-20,0,
518,3991166,https://github.com/ggreer/fsevents-tools,,,,ggreer,fsevents-tools,Like inotify-tools but for OS X's FSEvents,apache-2.0,0,160,160,20,1,2012-04-11,C,8e5fd1ee3ea264426f5f4fae9f1af03739bf4568,2017-11-24,48,6,2012-04-11,2016-04-01,0,
375,3996476,https://github.com/rhboot/shim,,,,rhboot,shim,UEFI shim loader,bsd-2-clause,0,181,181,66,18,2012-04-11,C,5e827007b3d95c4ce999422462248f5e7d3f270f,2017-11-24,529,26,2012-04-11,2017-08-31,0,
576,4069172,https://github.com/pramsey/pgsql-http,,,,pramsey,pgsql-http,"HTTP client for PostgreSQL, retrieve a web page from inside the database.",mit,0,156,156,26,0,2012-04-18,C,329f9af8c00cd38f8ecbe8a6eca01a48e8d3f412,2017-11-24,118,11,2012-04-19,2017-10-19,0,
480,4173980,https://github.com/pschultz/kiosk-browser,,,,pschultz,kiosk-browser,A minimal WebKit based browser,mit,0,163,163,49,2,2012-04-29,C,a577793b5cd73d8b81225c23be22ca7c7e0111aa,2017-11-24,8,3,2012-04-29,2015-07-05,0,
749,4209725,https://github.com/burke/matcher,,,,burke,matcher,Intelligently searches through a list of file names for the one you were probably looking for.,bsd-2-clause,0,147,147,10,2,2012-05-03,C,6c54c265dbcd89e0058a385fd42c3a84349f4ae6,2017-11-24,31,11,2012-05-03,2014-12-17,0,
371,4352506,https://github.com/sztupy/luadec51,,,,sztupy,luadec51,Lua Decompiler for Lua version 5.1,mit,0,181,181,78,4,2012-05-16,C,35cddc816df28f149daa3178636d061e34edb50f,2017-11-24,12,5,2012-05-17,2014-12-04,0,
626,4462918,https://github.com/PetteriAimonen/libfixmatrix,,,,PetteriAimonen,libfixmatrix,"C library for fixed point matrix, quaternion and vector calculations",mit,0,153,153,33,0,2012-05-27,C,a8d583e4fe1fa27ba2e0ec55970f73a1b1e6928b,2017-11-24,58,3,2011-11-27,2014-01-17,0,
388,4700444,https://github.com/seanpringle/goomwwm,,,,seanpringle,goomwwm,"Get out of my way, Window Manager!",mit,0,169,169,13,13,2012-06-18,C,25c9a12267e5345ab1b059966945067491e37b59,2017-11-24,386,8,2012-06-18,2015-05-17,0,
318,4767085,https://github.com/Overv/OOGL,,,,Overv,OOGL,Object-oriented C++ wrapper for OpenGL.,mit,0,185,185,25,4,2012-06-23,C,da64c82c5da8426ae8bbdc601119226a9da232f0,2017-11-24,127,7,2012-06-23,2017-02-21,0,
86,4783321,https://github.com/siu/minunit,,,,siu,minunit,Minimal unit testing framework for C,mit,0,173,173,37,0,2012-06-25,C,6bcb4894c9be9315eb8c749365d39080fc7a1de5,2017-11-23,50,14,2012-06-22,2017-10-24,0,
91,4971888,https://github.com/DomBlack/php-scrypt,,,,DomBlack,php-scrypt,A PHP wrapper fo the scrypt hashing algorithm,bsd-2-clause,0,173,173,47,4,2012-07-10,C,9372e577ded13b37fc265a7e3f86eb89f53ea169,2017-11-23,57,15,2012-07-11,2016-05-18,0,
437,5106283,https://github.com/unbit/blastbeat,,,,unbit,blastbeat,The BlastBeat server,mit,0,166,166,11,2,2012-07-19,C,d26fbe146bb5da0f6ca0e048a15e18bf86af9a1a,2017-11-24,186,8,2012-07-19,2014-03-10,0,
235,5161901,https://github.com/deplinenoise/webby,,,,deplinenoise,webby,A tiny webserver for game development,bsd-2-clause,0,193,193,22,5,2012-07-24,C,8f4b58796a9cf0e32d28f1236e0cc5faba010c88,2017-11-24,22,6,2012-07-24,2014-03-27,0,
312,5294151,https://github.com/spurious/SDL-mirror,,,,spurious,SDL-mirror,"An unofficial, automated SDL2 and SDL1.2 HG mirror.",zlib,0,186,186,161,2,2012-08-04,C,145d2469ae99a588c7853686520a1d59cbebbfa9,2017-11-24,10090,118,2014-04-10,2017-11-13,0,
718,5415150,https://github.com/nutiteq/hellomap3d,,,,nutiteq,hellomap3d,Android 3D map with Nutiteq SDK 2.x samples,mit,0,148,148,80,15,2012-08-14,C,16c754f3fca5e89f0f9665a0a77cd587867a0836,2017-11-24,343,6,2012-07-10,2015-09-11,0,
593,5490710,https://github.com/josephg/librope,,,,josephg,librope,UTF-8 rope library for C,mit,0,155,155,17,0,2012-08-21,C,81e1938e45561b0856d40b2946c0e8aaa7eadbe6,2017-11-24,64,7,2012-08-20,2017-02-09,0,
151,5742634,https://github.com/Vidvox/hap,,,,Vidvox,hap,A codec for fast video playback,bsd-2-clause,0,199,199,21,6,2012-09-09,C,6b040c8002a34ce4950bb8cbf69b2fdc6ff6f007,2017-11-24,111,11,2012-09-10,2017-09-25,0,
822,6228945,https://github.com/sstephenson/kinect,,,,sstephenson,kinect,Kinect playground,mit,0,143,143,33,0,2012-10-15,C,d4a5eda1056fb3cb966dab8ab1b608d3a1593d5c,2017-11-24,24,2,2012-10-15,2012-11-26,0,
63,6406883,https://github.com/jgarzik/picocoin,,,,jgarzik,picocoin,"A bitcoin library in C, SPV wallet & more.",mit,0,176,176,63,5,2012-10-26,C,faa9b83a2cc9c3ba5f2cf4368e16681434128d2b,2017-11-23,472,18,2012-10-25,2017-06-25,0,
271,6749230,https://github.com/billiob/terminology,,,,billiob,terminology,The best terminal emulator based on the Enlightenment Foundation Libraries,bsd-2-clause,0,190,190,29,0,2012-11-18,C,98f2726b96b8b4feb6d0ba0200272721cdb71435,2017-11-24,1858,66,2012-06-12,2017-11-12,0,
180,7125305,https://github.com/cloudwu/lua-snapshot,,,,cloudwu,lua-snapshot,Make a snapshot for lua state to detect memory leaks.,mit,0,197,197,86,2,2012-12-12,C,5226fe698106274092c666f2db188eb977b59411,2017-11-24,8,5,2012-12-12,2016-12-03,0,
49,7212717,https://github.com/joewing/jwm,,,,joewing,jwm,Joe's Window Manager,mit,0,176,176,36,79,2012-12-17,C,3d20128548d17f0ca6c561e513c8dd4edf5c8573,2017-11-23,1594,24,2005-09-05,2017-09-30,0,
828,7380130,https://github.com/haberman/jitdemo,,,,haberman,jitdemo,"Demo programs for my blog entry ""Hello, JIT World!""",apache-2.0,0,142,142,32,1,2012-12-30,C,eca8010a411a81708f83347ee55a9a48d281664d,2017-11-24,10,4,2012-12-30,2015-07-08,0,
184,7471121,https://github.com/bashrc/libdeep,,,,bashrc,libdeep,A deep learning library for C/C++,bsd-3-clause,0,197,197,102,2,2013-01-06,C,6e0dca3a298d7cf8ade52bfba72cb333fc562220,2017-11-24,603,7,2013-01-06,2017-10-31,0,
533,7603467,https://github.com/rampantpixels/foundation_lib,,,,rampantpixels,foundation_lib,Cross-platform public domain foundation library in C providing basic support data types and functions to write applications and games in a platform-independent fashion.,unlicense,0,159,159,16,0,2013-01-14,C,54be00bf48d2585a4321d266ec436629099a9b5a,2017-11-24,1428,6,2013-01-14,2017-06-22,0,
60,7605751,https://github.com/esl/erlang_ale,,,,esl,erlang_ale,Erlang Actor Library for Embedded -- An embedded framework from Erlang Solutions,apache-2.0,0,176,176,48,4,2013-01-14,C,37827e2c5ccc745c4eb5ab966b057b0c21ed920e,2017-11-23,139,12,2013-01-13,2017-03-03,0,
15,8004546,https://github.com/jbremer/darm,,,,jbremer,darm,A light-weight and efficient disassembler written in C for the ARMv7 instruction set.,bsd-3-clause,0,179,179,41,11,2013-02-04,C,cadffa77bf15e4ac3f8051e60c1ccefcc836e62b,2017-11-23,405,11,2013-02-04,2016-04-07,0,
708,8196808,https://github.com/davidgfnet/wireshark-whatsapp,,,,davidgfnet,wireshark-whatsapp,Whatsapp dissector plugin for wireshark,bsd-3-clause,0,149,149,53,7,2013-02-14,C,e29c0e346c383cd17afefa821eb0b9506bfdadcd,2017-11-24,35,5,2013-02-14,2016-04-15,0,
308,8205200,https://github.com/kelly/node-i2c,,,,kelly,node-i2c,Node.js native bindings for i2c-dev. Plays well with Raspberry Pi and Beaglebone.,bsd-3-clause,0,186,186,68,23,2013-02-14,C,98e2301b5b877e3fb605904cbbc0a480ae2d6ae5,2017-11-24,51,15,2013-02-11,2016-06-15,0,
169,8252138,https://github.com/JazzCore/ctrlp-cmatcher,,,,JazzCore,ctrlp-cmatcher,CtrlP C matching extension,bsd-2-clause,0,198,198,14,5,2013-02-17,C,6c36334f106b6fd981d23e724e9a618734cab43a,2017-11-24,79,13,2013-02-14,2015-10-15,0,
361,8372403,https://github.com/snowballstem/snowball,,,,snowballstem,snowball,Snowball compiler and stemming algorithms,bsd-3-clause,0,182,182,66,17,2013-02-23,C,5137019d68befd633ce8b1cd48065f41e77ed43e,2017-11-24,449,18,2003-03-30,2017-06-16,0,
328,8669374,https://github.com/Jekub/Wapiti,,,,Jekub,Wapiti,A simple and fast discriminative sequence labeling toolkit ( http://wapiti.limsi.fr ),bsd-2-clause,0,184,184,71,14,2013-03-09,C,569fbe5040583086f8d26667f6b793dc641536b0,2017-11-24,261,3,2010-04-19,2013-12-18,0,
384,8733968,https://github.com/troydhanson/tpl,,,,troydhanson,tpl,tpl - a small binary serialization library for C,bsd-2-clause,0,169,169,41,12,2013-03-12,C,2429629e3b2673e21e5d4cf54fdc1c3eacab1679,2017-11-24,19,4,2013-03-12,2017-10-24,0,
332,9030810,https://github.com/szferi/gomdb,,,,szferi,gomdb,Go wrapper for LMDB - OpenLDAP Lightning Memory-Mapped Database,bsd-3-clause,0,184,184,47,7,2013-03-26,C,6bcb5a8059f9655a259774650dbe0cad422767a3,2017-11-24,53,18,2013-03-26,2014-08-24,0,
37,9317679,https://github.com/abeluck/stegdetect,,,,abeluck,stegdetect,Stegdetect is an automated tool for detecting steganographic content in images.,bsd-3-clause,0,178,178,51,7,2013-04-09,C,ff03fa99c01ac0a8ff178bfe31f345b0341f0eb0,2017-11-23,14,2,2013-04-09,2013-04-24,0,
117,9836634,https://github.com/dbro/csvquote,,,,dbro,csvquote,"Enables common unix utlities like cut, awk, wc, head to work correctly with csv data containing delimiters and newlines",mit,0,171,171,15,1,2013-05-03,C,8c8508cf3c4365c62da623ad36a37abbdd96dc70,2017-11-23,49,4,2013-05-03,2016-02-06,0,
3,10149087,https://github.com/cratonica/trayhost,,,,cratonica,trayhost,Cross-platform Go library to place an icon in the host operating system's taskbar,mit,0,180,180,42,4,2013-05-19,C,98495206fd960e78f5cdf88bb2b230d968e57261,2017-11-23,20,4,2013-05-19,2015-01-12,0,
727,10191357,https://github.com/limccn/Cocoa-Charts,,,,limccn,Cocoa-Charts,"Open-source iPhone/iPad graph/chart framework includes line chart,stick chart,candlestick chart,pie chart,spider-web chart etc. Based on iOS graph SDK, Using native Objective-c Codes",apache-2.0,0,148,148,51,2,2013-05-21,C,dff957644b8840cdf839e42d2c3135b5ef849680,2017-11-24,66,3,2013-05-21,2016-05-12,0,
399,10245725,https://github.com/djrbliss/loki,,,,djrbliss,loki,Loki: tools for custom kernels and recoveries on AT&T and Verizon Samsung Galaxy S4 and various LG devices,bsd-2-clause,0,168,168,123,5,2013-05-23,C,784e86f981b7b1c30bd0d6b401f071e47e738eb8,2017-11-24,79,9,2013-05-23,2016-06-27,0,
386,10248288,https://github.com/rumpkernel/drv-netif-dpdk,,,,rumpkernel,drv-netif-dpdk,DPDK interface driver for userspace TCP/IP stack,bsd-2-clause,0,169,169,55,2,2013-05-23,C,4cb25097bf163adb394ea9647c95b28eaa21643e,2017-11-24,190,9,2013-05-23,2015-10-19,0,
287,10677468,https://github.com/phonegap/phonegap-plugin-fast-canvas,,,,phonegap,phonegap-plugin-fast-canvas,"Fast, 2D, mostly-HTML5-canvas-compatible rendering surface for Android.",apache-2.0,0,188,188,55,6,2013-06-13,C,2a91875b96485d35db189b80d105e5c572cfa0f4,2017-11-24,7,4,2013-06-14,2013-11-05,0,
126,10940488,https://github.com/cloudwu/hive,,,,cloudwu,hive,Parallel lua states,mit,0,171,171,63,0,2013-06-25,C,182afa65149d4d4e58ad16dbe7fa85480f9700e8,2017-11-23,30,7,2013-06-25,2014-03-14,0,
167,11229955,https://github.com/haldean/x6502,,,,haldean,x6502,Yet another 6502 emulator that one day dreams of being an Atari 2600.,bsd-3-clause,0,199,199,15,0,2013-07-07,C,5a3c040056215b18feb94275080ea7cde79c71a6,2017-11-24,61,5,2013-07-07,2014-02-13,0,
712,11313797,https://github.com/torch/image,,,,torch,image,An Image toolbox for Torch.,bsd-3-clause,0,149,149,132,35,2013-07-10,C,5aa18819b6a7b44751f8a858bd232d1c07b67985,2017-11-24,288,66,2011-07-02,2017-04-20,0,
299,11463948,https://github.com/CANBus-Triple/CANBus-Triple,,,,CANBus-Triple,CANBus-Triple,CANBus Triple ��The car hacking platform,mit,0,187,187,67,11,2013-07-17,C,06375512c6184c8c3bc5180c49cf7e08660ed7cc,2017-11-24,128,9,2013-07-17,2016-09-08,0,
263,11594012,https://github.com/quixdb/squash,,,,quixdb,squash,Compression abstraction library and utilities,mit,0,191,191,35,63,2013-07-22,C,bcf1acf1661ead91d9201f4b2a6616a884cebbef,2017-11-24,946,18,2013-07-13,2017-09-29,0,
41,12178464,https://github.com/trezor/trezor-crypto,,,,trezor,trezor-crypto,:orange_book: Heavily optimized cryptography algorithms for embedded devices.,mit,0,177,177,66,1,2013-08-17,C,95a522bf1a453880050521661258d7943e966d1f,2017-11-23,503,21,2013-08-17,2017-11-03,0,
637,12337554,https://github.com/BennyQBD/3DEngineCpp,,,,BennyQBD,3DEngineCpp,"It's like the 3D Game Engine, except in C++",apache-2.0,0,153,153,57,15,2013-08-24,C,a9264241bfa553ca1dde0277391c6c7e69854f26,2017-11-24,140,8,2013-08-24,2014-09-12,0,
739,12348038,https://github.com/Juniper/contrail-vrouter,,,,Juniper,contrail-vrouter,Contrail Virtual Router,bsd-2-clause,0,148,148,136,18,2013-08-24,C,802a8f1000492cc8b3db6c232c8800c147e70e24,2017-11-24,722,75,2013-08-24,2017-11-23,0,
815,12627122,https://github.com/lucasb-eyer/heatmap,,,,lucasb-eyer,heatmap,High performance C heatmap generation library. Supposed to be wrapped by higher-level languages.,mit,0,143,143,25,2,2013-09-05,C,0e22cbdaf4b4790beca2313c329db2332f2609eb,2017-11-24,43,4,2013-09-05,2017-11-04,0,
698,12757845,https://github.com/01org/processor-trace,,,,01org,processor-trace,libipt - an Intel(R) Processor Trace decoder library,bsd-3-clause,0,149,149,56,4,2013-09-11,C,6e37f93c081f16abf53a28bc6749273948ccbae9,2017-11-24,690,8,2013-09-17,2017-10-25,0,
633,13511288,https://github.com/sphia/sphia,,,,sphia,sphia,Command utility for operations on a sophia database,mit,0,153,153,12,11,2013-10-11,C,506d0145ff87b030fa97123c53884ab6d7d58428,2017-11-24,122,7,2013-10-12,2014-01-09,0,
327,14088804,https://github.com/pwmt/zathura,,,,pwmt,zathura,a document viewer,zlib,0,184,184,33,0,2013-11-03,C,cd8931cb14a89a3558d6bbbc3f9bfbe972d713dd,2017-11-24,1927,46,2009-08-11,2017-01-11,0,
54,14187797,https://github.com/m0nad/Diamorphine,,,,m0nad,Diamorphine,LKM rootkit for Linux Kernels 2.6.x/3.x/4.x,bsd-3-clause,0,176,176,78,3,2013-11-06,C,6e049c72939775f27c4aa7d641ebc140595b4e33,2017-11-23,23,5,2013-11-06,2017-09-15,0,
298,14689016,https://github.com/begeekmyfriend/CuckooFilter,,,,begeekmyfriend,CuckooFilter,Substitute for bloom filter.,mit,0,187,187,55,0,2013-11-25,C,5c1040c605f0e065ac2f3e9ea3470fa4865e964d,2017-11-24,28,5,2013-11-25,2016-05-13,0,
769,14811835,https://github.com/cvxgrp/scs,,,,cvxgrp,scs,C package that solves convex cone problems via operator splitting,mit,0,146,146,64,6,2013-11-29,C,3c2e2cac2a5a0935d71f21218ac0934cf1abb809,2017-11-24,624,14,2013-11-30,2017-11-23,0,
254,14843113,https://github.com/ryansuchocki/microscheme,,,,ryansuchocki,microscheme,A Scheme subset for Atmel microcontrollers.,mit,0,191,191,14,2,2013-12-01,C,c98938a30265d176720c7e5ce02502f37afdca6a,2017-11-24,87,9,2014-11-27,2016-05-20,0,
660,14991563,https://github.com/ginsweater/gif-h,,,,ginsweater,gif-h,Simple C++ one-header library for the creation of animated GIFs from image data.,unlicense,0,151,151,28,1,2013-12-06,C,f7839bedd9c9d28d4eb2e9a07c1e30e908783f63,2017-11-24,35,4,2013-12-06,2014-04-10,0,
391,15384504,https://github.com/thlorenz/libuv-dox,,,,thlorenz,libuv-dox,"Documenting types and methods of libuv, mostly by reading 'uv.h'.",mit,0,168,168,25,7,2013-12-23,C,0d87423df8dc9668a616c31fda4809dab4b81c79,2017-11-24,92,5,2013-12-23,2014-12-07,0,
244,15477939,https://github.com/suckgamony/RapidDecoder,,,,suckgamony,RapidDecoder,Simplified bitmap decoding and scaling for Android,apache-2.0,0,192,192,33,9,2013-12-27,C,7cdfca47fa976c3f5f47a7091702cdf1462480be,2017-11-24,202,9,2013-12-27,2015-01-12,0,
99,15700931,https://github.com/treasure-data/prestogres,,,,treasure-data,prestogres,PostgreSQL protocol gateway for Presto distributed SQL query engine,apache-2.0,0,172,172,36,22,2014-01-07,C,a04130f9c097a01f3099bbdea2c8699461a718db,2017-11-23,2068,22,2006-09-08,2016-06-21,0,
145,15850784,https://github.com/rfjakob/earlyoom,,,,rfjakob,earlyoom,Early OOM Daemon for Linux,mit,0,200,200,24,6,2014-01-12,C,bde99b3bef679e95c481bf924f4f25dd922dac11,2017-11-24,97,11,2014-01-12,2017-11-01,0,
499,15878686,https://github.com/artygus/ios-webkit-debug-proxy-win32,,,,artygus,ios-webkit-debug-proxy-win32,Win32 port of ios-webkit-debug-proxy,bsd-3-clause,0,162,162,33,1,2014-01-13,C,439dfc3a917000e0f12ff09997b69c7a74149a17,2017-11-24,33,6,2014-01-12,2016-11-14,0,
645,15959613,https://github.com/skeeto/emacsql,,,,skeeto,emacsql,A high-level Emacs Lisp RDBMS front-end ,unlicense,0,152,152,10,12,2014-01-16,C,e3bc9b105f6f2de514dd689c8fa8f74f1d610a04,2017-11-24,354,3,2014-01-16,2017-08-08,0,
397,16044489,https://github.com/omriiluz/NRF24-BTLE-Decoder,,,,omriiluz,NRF24-BTLE-Decoder,Sniff and decode NRF24L01+ and Bluetooth Low Energy using RTL-SDR,mit,0,168,168,30,2,2014-01-19,C,8bbd11058b5e65edf3e1723af03311a9f98995f5,2017-11-24,14,5,2014-01-19,2017-02-03,0,
647,16144976,https://github.com/oridb/mc,,,,oridb,mc,Myrddin Compiler,mit,0,152,152,19,20,2014-01-22,C,f196ea0ea5f82cb63e4bb66f2009d8115de386a9,2017-11-24,4328,31,2011-11-05,2017-11-14,0,
532,16344777,https://github.com/kaniini/slabbed-or-not,,,,kaniini,slabbed-or-not,Detect if your container is running under a hypervisor,mit,0,159,159,8,5,2014-01-29,C,e98601e9ba3d0854409f55d6bb8bebc2c8bc1e17,2017-11-24,20,3,2014-01-29,2015-06-04,0,
345,16393796,https://github.com/leev/ngx_http_geoip2_module,,,,leev,ngx_http_geoip2_module,Nginx GeoIP2 module,bsd-2-clause,0,183,183,48,2,2014-01-30,C,e39fdd7bf8fac13dd7abcdad706f40528ca4b326,2017-11-24,21,9,2014-01-31,2016-11-04,0,
385,16648115,https://github.com/hall-lab/speedseq,,,,hall-lab,speedseq,A flexible framework for rapid genome analysis and interpretation,mit,0,169,169,64,46,2014-02-08,C,30f8dc688ca37b74a3df2cf357fc7c64eaa74b7e,2017-11-24,657,9,2014-02-08,2017-04-26,0,
415,16818334,https://github.com/ValveSoftware/voglperf,,,,ValveSoftware,voglperf,"Benchmarking tool for Linux OpenGL games. Spews frame information, logs frametimes.",mit,0,167,167,20,14,2014-02-13,C,a205e671f590c0527568ff339a7a9d8724950223,2017-11-24,39,9,2014-02-13,2014-09-26,0,
777,16898932,https://github.com/nriley/brightness,,,,nriley,brightness,Command-line display brightness control for OS X.,bsd-2-clause,0,145,145,17,9,2014-02-17,C,54419c632e3b722d72d375e384c83fc118dcc71b,2017-11-24,24,4,2005-11-09,2017-10-12,0,
165,17035247,https://github.com/Lokaltog/candybar,,,,Lokaltog,candybar,WebKit-based status bar for tiling window managers.,mit,0,199,199,19,25,2014-02-20,C,e81b66abe3c2ad96d31c670fcf8b3717c96fe4a2,2017-11-24,395,11,2014-02-20,2015-09-28,0,
560,17150823,https://github.com/pruten/shoebill,,,,pruten,shoebill,A Macintosh II emulator that runs A/UX,bsd-2-clause,0,158,158,28,2,2014-02-24,C,2b4768daee2227cf19e9556c73afd318f0e8bf8c,2017-11-24,69,5,2014-02-24,2017-04-17,0,
68,17215361,https://github.com/getdnsapi/getdns,,,,getdnsapi,getdns,A modern asynchronous DNS API  http://getdnsapi.net/,bsd-3-clause,0,175,175,59,41,2014-02-26,C,8821c1c8cf3d7f92a0e15bbad9a92581db489803,2017-11-23,2100,47,2013-06-11,2017-11-11,0,
699,17867467,https://github.com/svn2github/word2vec,,,,svn2github,word2vec,GitHub clone of SVN repo http://word2vec.googlecode.com/svn/trunk/ (cloned by http://svn2github.com/),apache-2.0,0,149,149,147,0,2014-03-18,C,99e546e27cae10aa20209dae1ed98716ac9022e9,2017-11-24,42,4,2013-07-30,2015-01-30,0,
309,17984808,https://github.com/larsbertram69/Lux,,,,larsbertram69,Lux,Lux � open source physically based shader framework for unity,mit,0,186,186,39,0,2014-03-21,C,7aa41882c1964bbbfb28c4601875a551a93a560b,2017-11-24,58,2,2014-03-21,2015-01-15,0,
454,18030517,https://github.com/veorq/SipHash,,,,veorq,SipHash,High-speed pseudorandom function (reference code),cc0-1.0,0,164,164,10,1,2014-03-23,C,8e6e4c1e5b75e258b32e09ccfd76eef034fc3ba6,2017-11-24,26,4,2014-03-23,2017-02-24,0,
301,18646027,https://github.com/ericsink/SQLitePCL.raw,,,,ericsink,SQLitePCL.raw,A Portable Class Library (PCL) for low-level (raw) access to SQLite,apache-2.0,0,187,187,46,29,2014-04-10,C,d86a5b5311ff4cdbba54cda49c23a776bd888663,2017-11-24,625,11,2014-04-10,2017-11-13,0,
130,18843548,https://github.com/Ed-von-Schleck/shoco,,,,Ed-von-Schleck,shoco,shoco is a compressor for small text strings,mit,0,170,170,31,24,2014-04-16,C,4dee0fc850cdec2bdb911093fe0a6a56e3623b71,2017-11-23,42,9,2014-04-02,2015-12-08,0,
847,19005184,https://github.com/brackeen/glfm,,,,brackeen,glfm,"OpenGL ES and input for iOS, tvOS, Android, and WebGL",zlib,0,141,141,13,1,2014-04-21,C,ff5e739b49f1d86f76760845ee172e5139ed4564,2017-11-24,163,2,2014-04-21,2017-10-23,0,
601,19101253,https://github.com/island-org/island,,,,island-org,island,Lightweight and low-level creative coding toolkits in C.,mit,0,155,155,24,0,2014-04-24,C,100c3454fec39c890648172e5a151fcfc9a29ec1,2017-11-24,129,6,2014-04-24,2016-09-23,0,
639,19158670,https://github.com/camgunz/cmp,,,,camgunz,cmp,An implementation of the MessagePack serialization format in C / msgpack.org[C],mit,0,153,153,51,2,2014-04-25,C,54edc13eea1b7a7ab6ba5932a00045d73099fdf2,2017-11-24,130,15,2014-04-25,2017-06-19,0,
665,19352997,https://github.com/ebassi/graphene,,,,ebassi,graphene,A thin layer of graphic data types,mit,0,151,151,29,8,2014-05-01,C,acef9d5795b1d68a4f39a002a59daa7da6dfbf7e,2017-11-24,889,22,2014-04-25,2017-09-07,0,
387,20196052,https://github.com/Alterplay/APAudioPlayer,,,,Alterplay,APAudioPlayer,Drop-in iOS Audio Player built on top of BASS-library. ,mit,0,169,169,23,12,2014-05-26,C,e770e6a50533af2159fd38102a8a87a6bd283526,2017-11-24,30,3,2014-05-26,2016-02-11,0,
661,20418412,https://github.com/fhunleth/fwup,,,,fhunleth,fwup,Configurable embedded Linux firmware update creator and runner,apache-2.0,0,151,151,29,6,2014-06-02,C,d34536d5953dfd90eb01364e3c12bb9374a4e518,2017-11-24,700,16,2014-05-22,2017-11-16,0,
129,20601436,https://github.com/graphitemaster/lambdapp,,,,graphitemaster,lambdapp,Anonymous functions in C,unlicense,0,170,170,10,0,2014-06-07,C,1b13292248f41981773331722b05ce25c0920b33,2017-11-23,52,4,2014-06-07,2017-02-06,0,
779,21041510,https://github.com/google/xsecurelock,,,,google,xsecurelock,X11 screen lock utility with security in mind,apache-2.0,0,145,145,16,5,2014-06-20,C,9ac9ceffb5d5258d6c014d825a0210e6e66740ca,2017-11-24,50,4,2014-06-23,2017-11-20,0,
642,21054216,https://github.com/dstndstn/astrometry.net,,,,dstndstn,astrometry.net,Astrometry.net -- automatic recognition of astronomical images,bsd-3-clause,0,153,153,70,48,2014-06-20,C,033e96d5fa83df22ed76559e2f3d4668e40284c1,2017-11-24,4255,42,2008-04-15,2017-11-16,0,
220,21070036,https://github.com/coleifer/unqlite-python,,,,coleifer,unqlite-python,Python bindings for the UnQLite embedded NoSQL database,mit,0,194,194,17,2,2014-06-21,C,0f9e7f64a5e8b6f59bb9899bd58443e8d6bb30df,2017-11-24,109,9,2014-06-21,2017-07-31,0,
295,21362040,https://github.com/lindenb/makefile2graph,,,,lindenb,makefile2graph,Creates a graph of dependencies from GNU-Make,  Output is a graphiz-dot file or a Gexf-XML file.,mit,0,188,188,27,4,2014-06-30,C,8b30b9c81c7cc4444123fb1fa38c53e7a46aea33,2017-11-24,29,8,2014-06-30,2016-08-12,0
521,21427135,https://github.com/Kurento/kms-core,,,,Kurento,kms-core,Core library of Kurento Media Server,apache-2.0,0,160,160,91,3,2014-07-02,C,a4077eb6d480de93039380a00494c93f13515445,2017-11-24,2740,22,2013-03-15,2017-11-15,0,
357,21503354,https://github.com/larmel/lacc,,,,larmel,lacc,"A simple, self-hosting C compiler",mit,0,182,182,10,2,2014-07-04,C,dbf2d6799cfffef079d50d3c7595e23bb4e51371,2017-11-24,801,3,2014-07-04,2017-10-22,0,
133,23344334,https://github.com/jerome-pouiller/reredirect,,,,jerome-pouiller,reredirect,Tool to dynamicly redirect outputs of a running process,mit,0,170,170,15,3,2014-08-26,C,996cdc7f54f55696f407bc72b7f19d2b739552f3,2017-11-23,140,15,2011-01-11,2016-01-04,0,
780,23688405,https://github.com/groupgets/LeptonModule,,,,groupgets,LeptonModule,Code for getting started with the FLIR Lepton breakout board,bsd-2-clause,0,145,145,122,17,2014-09-05,C,1bc9aa08622e9b686c2ec90b95fa3dedd09d9166,2017-11-24,93,16,2014-09-05,2017-10-25,0,
447,23807586,https://github.com/luvit/luvi,,,,luvit,luvi,A project in-between luv and luvit.,apache-2.0,0,165,165,38,12,2014-09-08,C,ec05020ea6be0edc88bec54938ea85f315aeebec,2017-11-24,485,17,2014-09-08,2017-10-23,0,
123,23913591,https://github.com/createuniverses/praxis,,,,createuniverses,praxis,"A live coding environment based on Lua, Lisp, Forth and Io",mit,0,171,171,6,3,2014-09-11,C,7ad27b80f48cf1b0e60af7a3b0c66db296c5f588,2017-11-23,337,4,2014-09-11,2016-09-03,0,
104,24143638,https://github.com/kamalmarhubi/shell-workshop,,,,kamalmarhubi,shell-workshop,"Materials from my Strange Loop 2014 workshop, Let's Build a Shell!",apache-2.0,0,172,172,29,1,2014-09-17,C,9e1f74c81cd39201b724665a810140c913db784c,2017-11-23,26,3,2014-08-22,2015-03-31,0,
105,24376854,https://github.com/hfp/libxsmm,,,,hfp,libxsmm,"Library targeting Intel Architecture for small, dense or sparse matrix multiplications, and small convolutions.",bsd-3-clause,0,172,172,49,4,2014-09-23,C,2c5ac89ce7c5b61923f705ef72f53cc61e6c9897,2017-11-23,6450,25,2014-04-04,2017-11-17,0,
338,25455003,https://github.com/ers35/luakernel,,,,ers35,luakernel,Lua + SQLite + musl libc running on x86.,cc0-1.0,0,184,184,12,0,2014-10-20,C,ecd905ed6a011c25acd180e3ada69075bbdca33c,2017-11-24,30,2,2014-10-20,2017-03-16,0,
731,25681056,https://github.com/ryanbinns/ttwatch,,,,ryanbinns,ttwatch,Linux TomTom GPS Watch Utilities,mit,0,148,148,49,13,2014-10-24,C,f4103bdeb612a216ac21747941b3df943d67c48c,2017-11-24,185,22,2014-10-24,2017-10-31,0,
211,26498279,https://github.com/Themaister/libfmsynth,,,,Themaister,libfmsynth,A C library which implements an FM synthesizer,mit,0,195,195,15,3,2014-11-11,C,9ffa1d2fea287f1209b210d2dbde2f0f60f37176,2017-11-24,24,3,2014-10-19,2015-02-07,0,
329,26743367,https://github.com/GUI/nginx-upstream-dynamic-servers,,,,GUI,nginx-upstream-dynamic-servers,An nginx module to resolve domain names inside upstreams and keep them up to date.,mit,0,184,184,30,12,2014-11-17,C,29e05c5de4d9e7042f66b99d22bef878fd761219,2017-11-24,32,4,2014-11-17,2016-04-12,0,
4,26794321,https://github.com/korginc/volcasample,,,,korginc,volcasample, volca sample SDK - a sample and sequence encoding library for volca sample.,bsd-3-clause,0,180,180,17,2,2014-11-18,C,b0ed615f18c230a18b378d9ddc6a936971597e4e,2017-11-23,22,7,2014-11-06,2014-12-10,0,
346,27050869,https://github.com/mtheall/ftpd,,,,mtheall,ftpd,FTP Server for 3DS,unlicense,0,183,183,37,8,2014-11-23,C,7b1176d374eb9bfa187e03f455304c526c675935,2017-11-24,115,11,2014-11-23,2017-11-02,0,
70,27051166,https://github.com/flightonary/Moscapsule,,,,flightonary,Moscapsule,MQTT Client for iOS written in Swift,mit,0,175,175,49,21,2014-11-23,C,b6e268e9254fe28a0f897471514192904133a860,2017-11-23,94,15,2014-11-23,2017-10-12,0,
770,27162920,https://github.com/ToadKing/wii-u-gc-adapter,,,,ToadKing,wii-u-gc-adapter,Tool for using the Wii U GameCube Adapter on Linux,mit,0,146,146,21,16,2014-11-26,C,1030fee12a7ed87058a6f5b282934e1074cd8934,2017-11-24,27,5,2014-11-26,2016-02-04,0,
421,27241034,https://github.com/ggreer/dsniff,,,,ggreer,dsniff, Dug Song seems to have abandoned dsniff. I got it to work with the latest OS X & Homebrew libraries.,bsd-3-clause,0,167,167,36,4,2014-11-27,C,2598e49ab1272873e4ea71d9b3163ef7edcc40ea,2017-11-24,34,2,2014-11-27,2014-11-29,0,
673,27349944,https://github.com/256dpi/arduino-mqtt,,,,256dpi,arduino-mqtt,MQTT library for Arduino,mit,0,150,150,58,5,2014-11-30,C,70859ff44375fec36feb3ebffb4ae7fd4225cc5e,2017-11-24,408,7,2014-12-01,2017-11-14,0,
6,27504249,https://github.com/phonegap/phonegap-plugin-contentsync,,,,phonegap,phonegap-plugin-contentsync,Download and cache remotely hosted content,apache-2.0,0,180,180,83,41,2014-12-03,C,9e636fe4407bf1c7eaed269a3b0b7a54a52f7efb,2017-11-23,378,31,2014-12-03,2017-11-10,0,
164,27713965,https://github.com/websnarf/bstrlib,,,,websnarf,bstrlib,The Better String Library,bsd-3-clause,0,199,199,39,7,2014-12-08,C,f0ff1e808102a42cdc7204a4bb6fe231a24c4546,2017-11-24,30,9,2014-12-08,2016-11-02,0,
322,27830459,https://github.com/Yubico/pam-u2f,,,,Yubico,pam-u2f,Pluggable Authentication Module (PAM) for U2F,bsd-2-clause,0,184,184,27,4,2014-12-10,C,4fffd29206657df53fcac5a8f1a6858781ae110f,2017-11-24,150,16,2014-12-10,2017-06-16,0,
206,27918935,https://github.com/lxc/lxcfs,,,,lxc,lxcfs,FUSE filesystem for LXC,apache-2.0,0,195,195,78,29,2014-12-12,C,8ccf5651006d1123fc33d1cb752763e3672837ed,2017-11-24,375,26,2014-12-12,2017-11-11,0,
236,27971109,https://github.com/Planeshifter/node-word2vec,,,,Planeshifter,node-word2vec,node.js interface to the Google word2vec tool,apache-2.0,0,193,193,23,5,2014-12-13,C,ea2ce9d80ddd171afc4c62a3659797144047c944,2017-11-24,94,4,2014-12-13,2017-08-29,0,
541,28014351,https://github.com/leechristensen/UnmanagedPowerShell,,,,leechristensen,UnmanagedPowerShell,Executes PowerShell from an unmanaged process,bsd-3-clause,0,159,159,61,0,2014-12-15,C,a04b1f5c4b03badc202f4d8dca4dc41ae9471910,2017-11-24,9,4,2014-12-15,2016-03-17,0,
370,28372498,https://github.com/skeeto/interactive-c-demo,,,,skeeto,interactive-c-demo,Demonstration of interactive C programming,unlicense,0,181,181,24,0,2014-12-23,C,2454536d6f31cebd1593cb94b964da75f3e7e76e,2017-11-24,12,3,2014-12-21,2015-01-16,0,
349,28519975,https://github.com/i3/i3status,,,,i3,i3status,"Generates status bar to use with i3bar, dzen2 or xmobar",bsd-3-clause,0,183,183,114,27,2014-12-26,C,7ea12e3dffef8299fa6f6549820ca67dad4f0b7d,2017-11-24,563,100,2008-10-03,2017-10-06,0,
21,28613742,https://github.com/RobertElderSoftware/recc,,,,RobertElderSoftware,recc,"A collection of compiler, emulator and microkernel tools.",apache-2.0,0,179,179,14,2,2014-12-30,C,b68fd014e909109f88b914c7aef90e924d5da533,2017-11-23,24,2,2014-12-30,2017-01-01,0,
668,28915846,https://github.com/hashcat/princeprocessor,,,,hashcat,princeprocessor,Standalone password candidate generator using the PRINCE algorithm,mit,0,150,150,48,3,2015-01-07,C,f0c101d81bc29bf1483b6ca54ff08a4a5168c8fb,2017-11-24,93,9,2015-01-07,2017-09-29,0,
744,28999132,https://github.com/jbruchon/jdupes,,,,jbruchon,jdupes,A powerful duplicate file finder and an enhanced fork of 'fdupes'.,mit,0,147,147,26,15,2015-01-09,C,af35b4dc00e4d5d8cace1530bd52f64b9eff5060,2017-11-24,432,18,1999-12-25,2017-11-12,0,
814,29610555,https://github.com/ctz/cifra,,,,ctz,cifra,A collection of cryptographic primitives targeted at embedded use.,cc0-1.0,0,143,143,19,0,2015-01-21,C,319fdb764cd12e12b8296358cfcd640346c4d0dd,2017-11-24,256,4,2014-07-17,2017-02-24,0,
617,29723048,https://github.com/Coolerfall/Android-AppUninstallWatcher,,,,Coolerfall,Android-AppUninstallWatcher,[Deprecated]App uninstall watcher.,apache-2.0,0,154,154,52,2,2015-01-23,C,9b3d610b9798d101d61f315c3d0cdba0f180b5c2,2017-11-24,25,2,2015-01-23,2016-08-16,0,
539,30039798,https://github.com/khovratovich/Argon2,,,,khovratovich,Argon2,Memory-hard scheme Argon2 ,cc0-1.0,0,159,159,14,2,2015-01-29,C,562450945800b4660618e7d577e78164425ba010,2017-11-24,146,9,2015-01-29,2016-01-26,0,
688,30145158,https://github.com/xhs/librtcdc,,,,xhs,librtcdc,librtcdc is a tiny WebRTC DataChannel implementation that works everywhere.,bsd-2-clause,0,150,150,25,11,2015-02-01,C,b2db047f4d416b93cd27103c66f049f046badbf1,2017-11-24,116,4,2015-02-01,2017-01-29,0,
278,30163764,https://github.com/letoram/senseye,,,,letoram,senseye,Dynamic Visual Debugging / Reverse Engineering Toolsuite,bsd-3-clause,0,189,189,14,1,2015-02-01,C,a6122c9d4aa6311b694bffe372a5c7486445b333,2017-11-24,182,4,2015-02-02,2017-08-14,0,
702,30216244,https://github.com/graphitemaster/incbin,,,,graphitemaster,incbin,Include binary files in C/C++,unlicense,0,149,149,16,1,2015-02-03,C,c8dda08da18eadf78cd678fc217c52620a0620a4,2017-11-24,51,7,2015-02-03,2017-08-16,0,
378,31194828,https://github.com/hfiref0x/WinObjEx64,,,,hfiref0x,WinObjEx64,Windows Object Explorer 64-bit,bsd-2-clause,0,169,169,58,0,2015-02-23,C,399b30c0e3877c28f85a784ee76d72d90e617fcd,2017-11-24,24,2,2015-02-23,2017-09-15,0,
786,32402214,https://github.com/y-256/libdivsufsort,,,,y-256,libdivsufsort,A lightweight suffix-sorting library,mit,0,145,145,29,10,2015-03-17,C,5f60d6f026c30fb4ac296f696b3c8b0eb71bd428,2017-11-24,28,5,2008-06-17,2015-10-27,0,
624,32749370,https://github.com/drh/cii,,,,drh,cii,C Interfaces and Implementations,mit,0,153,153,43,6,2015-03-23,C,9cb8b5f0a3b634a7459f1788b07d1d2321b8689c,2017-11-24,32,3,2007-01-22,2010-10-06,0,
461,33413658,https://github.com/kylophone/spectrophoto,,,,kylophone,spectrophoto,Turns an image into an audio file. Image is visible on the spectrogram. ,mit,0,164,164,15,0,2015-04-04,C,de54397502991b824a59c4ab1e4558362a9a0764,2017-11-24,49,2,2015-04-04,2017-05-30,0,
460,34135004,https://github.com/israellot/esp-ginx,,,,israellot,esp-ginx,HTTP server for the ESP8266,mit,0,164,164,44,12,2015-04-17,C,b063b0901e6a7bc2e9054470d74b0175d9674a02,2017-11-24,28,6,2015-04-17,2015-11-24,0,
179,34252080,https://github.com/EasyIOS/EasyIOS-Swift,,,,EasyIOS,EasyIOS-Swift,"Swift 2.0 version of EasyIOS,support HTML and FlexBox",mit,0,197,197,57,1,2015-04-20,C,b269aff08a07372bd2a21d5a6a81ee838686638b,2017-11-24,134,5,2015-04-20,2016-01-04,0,
838,34381364,https://github.com/ampotos/dynStruct,,,,ampotos,dynStruct,Reverse engineering tool for automatic structure recovering and memory use analysis based on DynamoRIO and Capstone,mit,0,142,142,22,18,2015-04-22,C,df7c5b7614f05db74b2f5e20d85c595d77ae3752,2017-11-24,296,3,2015-04-22,2017-04-18,0,
359,36061277,https://github.com/squix78/esp8266-projects,,,,squix78,esp8266-projects,,mit,0,182,182,148,14,2015-05-22,C,5d20dd50a5de6618b8e01f10543d7f4973bce57d,2017-11-24,32,3,2015-05-22,2017-08-15,0,
658,36383456,https://github.com/liteserver/binn,,,,liteserver,binn,Binary Serialization,apache-2.0,0,151,151,21,6,2015-05-27,C,65edf180deaf0b24df8c5d60dbbfb30e062e0601,2017-11-24,56,6,2015-05-27,2017-07-07,0,
93,36981674,https://github.com/tmikov/jscomp,,,,tmikov,jscomp,Ahead of time JavaScript compiler,apache-2.0,0,173,173,5,10,2015-06-06,C,83828441cb38ec96603a6a60be06977d4852940a,2017-11-23,432,5,2015-06-06,2016-04-12,0,
72,37087063,https://github.com/solettaproject/soletta,,,,solettaproject,soletta,Soletta Project is a framework for making IoT devices.  With Soletta Project's libraries developers can easily write software for devices that control actuators/sensors and communicate using standard technologies. It enables adding smartness even on the smallest edge devices.  ,apache-2.0,0,175,175,105,105,2015-06-08,C,0e492a892b7c44b96934a894602c23eb0fb46112,2017-11-23,3077,49,2015-06-16,2017-04-24,0,
816,37121923,https://github.com/OpenFastPath/ofp,,,,OpenFastPath,ofp,OpenFastPath project,bsd-3-clause,0,143,143,73,63,2015-06-09,C,333a5a809c706acf993e28da96f9f8a9179e1b8b,2017-11-24,625,38,2015-06-09,2017-11-16,0,
7,37198637,https://github.com/dvhdr/launchpad-pro,,,,dvhdr,launchpad-pro,Open source firmware for the Launchpad Pro grid controller,bsd-3-clause,0,180,180,45,10,2015-06-10,C,af0c758cceb310b69c9192d7cdc8133ba63a3f98,2017-11-23,63,8,2015-06-10,2017-10-24,0,
302,37931803,https://github.com/SpiderLabs/ModSecurity-nginx,,,,SpiderLabs,ModSecurity-nginx,ModSecurity v3 Nginx Connector,apache-2.0,0,187,187,62,8,2015-06-23,C,a2a5858d249222938c2f5e48087a922c63d7f9d8,2017-11-24,108,9,2015-06-26,2017-08-23,0,
161,37988427,https://github.com/cisco-system-traffic-generator/trex-core,,,,cisco-system-traffic-generator,trex-core,trex-core site,apache-2.0,0,199,199,77,3,2015-06-24,C,e8b0e032888d7017877b3d24e9139500f4ed3454,2017-11-24,2984,29,2015-06-24,2017-11-13,0,
114,38133073,https://github.com/MISTLab/Buzz,,,,MISTLab,Buzz,A programming language designed for robot swarms.,mit,0,171,171,25,6,2015-06-26,C,7ed05b7e0120225e41a11181dccb3d29f26ebbf0,2017-11-23,392,8,2015-03-13,2017-11-09,0,
589,38138575,https://github.com/P0cL4bs/Kadimus,,,,P0cL4bs,Kadimus,"Kadimus is a tool to check sites to lfi vulnerability , and also exploit it...",mit,0,155,155,55,1,2015-06-26,C,5897871435420856ce1cef5f92293a4050cf3861,2017-11-24,48,5,2015-03-14,2016-06-17,0,
381,38296783,https://github.com/aanon4/HomeKit,,,,aanon4,HomeKit,HomeKit for Bluetooth Low Energy (BLE) for Nordic nRF51,bsd-2-clause,0,169,169,36,4,2015-06-30,C,8565a9af8a5c96b9fc13ba9c333f36906233ef9f,2017-11-24,55,2,2015-06-30,2015-08-03,0,
45,38772513,https://github.com/sahaRatul/sela,,,,sahaRatul,sela,SimplE Lossless Audio,mit,0,177,177,16,2,2015-07-08,C,1b69e67883ad6c1779885b5f311d834ff806b87c,2017-11-23,183,3,2015-07-08,2017-11-13,0,
193,39196136,https://github.com/sp4cerat/Game-GUI,,,,sp4cerat,Game-GUI,Game GUI is a skin-able GL based Widget Class for Games,mit,0,196,196,28,3,2015-07-16,C,1f6479db7ed582ac594e8ae858827977365d7fe3,2017-11-24,33,3,2015-07-16,2016-04-22,0,
32,39230645,https://github.com/guaxiao/renderer.gua,,,,guaxiao,renderer.gua,"Software 3D Renderer in C++ on Windows, OSX and Linux or other popular flavors of Unix that SDL supports",apache-2.0,0,178,178,53,1,2015-07-17,C,d9cf4272532b6b3bb55f63c73a1e09adb3cce04a,2017-11-23,29,6,2015-07-17,2015-08-03,0,
116,39330705,https://github.com/sctplab/usrsctp,,,,sctplab,usrsctp,A portable SCTP userland stack,bsd-3-clause,0,171,171,86,21,2015-07-19,C,2b9cb3db5253c9277b7fa09f16a6909618d89adc,2017-11-23,2610,27,2011-11-01,2017-11-16,0,
171,39335675,https://github.com/pmwkaa/serenity,,,,pmwkaa,serenity,Disk storage and real transactions under Redis compatible protocol.,bsd-2-clause,0,198,198,12,7,2015-07-19,C,d1915d1398317d97ed2a4a4b5cc11199227e5ea3,2017-11-24,11,4,2015-07-19,2016-07-20,0,
335,40596205,https://github.com/tmikolov/word2vec,,,,tmikolov,word2vec,Automatically exported from code.google.com/p/word2vec,apache-2.0,0,184,184,90,36,2015-08-12,C,20c129af10659f7c50e86e3be406df663beff438,2017-11-24,44,4,2013-07-30,2017-07-17,0,
648,40956396,https://github.com/wkoszek/cpu60,,,,wkoszek,cpu60,Example of CPU simulation in software,bsd-2-clause,0,152,152,14,0,2015-08-18,C,5dda16d2b36a0f319d86ff3148f81a7de1f2a0d5,2017-11-24,17,2,2015-08-18,2015-11-03,0,
75,41394739,https://github.com/libratbag/libratbag,,,,libratbag,libratbag,A DBus daemon to configure gaming mice,mit,0,175,175,29,46,2015-08-26,C,9b3c33a2fe238566fb811d77886a00d7f34d734d,2017-11-23,1391,25,2015-08-13,2017-11-11,0,
567,41544095,https://github.com/espressif/ESP8266_IOT_PLATFORM,,,,espressif,ESP8266_IOT_PLATFORM,A demo that should be run with ESP8266 RTOS SDK,mit,0,157,157,79,7,2015-08-28,C,e5eadea3c2b37a4d5df9c89f920eb8f6703ff946,2017-11-24,17,8,2015-08-28,2016-10-25,0,
189,41688943,https://github.com/trailofbits/cb-multios,,,,trailofbits,cb-multios,"DARPA Challenges Sets for Linux, Windows, and macOS",mit,0,196,196,33,11,2015-08-31,C,bf5a7d2311ec0ab3b6b11261b9f3d01337b39c19,2017-11-24,356,12,2015-08-31,2017-08-10,0,
444,42356761,https://github.com/tenvick/hugula,,,,tenvick,hugula,"unity3d lua framwork  ,??? ,mvvm ",mit,0,165,165,85,3,2015-09-12,C,a89c7cebcddbff935fbfef57cdcefe5967a12d31,2017-11-24,108,6,2015-09-12,2017-11-17,0,
837,42393652,https://github.com/susam/uncap,,,,susam,uncap,"Map Caps Lock to Escape, or any key to any key",mit,0,142,142,6,0,2015-09-13,C,805adb9fec5de22d8c5f9c639c789f8aa0a1ecd6,2017-11-24,21,2,2015-09-13,2017-05-09,0,
482,43087387,https://github.com/tronkko/dirent,,,,tronkko,dirent,C/C++ library for retrieving information on files and directories,mit,0,162,162,88,1,2015-09-24,C,94ff8bdbb4e11eea5fba17b92edfcdc4b4ece769,2017-11-24,31,6,2015-09-24,2017-10-16,0,
501,45867575,https://github.com/dvidelabs/flatcc,,,,dvidelabs,flatcc,FlatBuffers Compiler and Library in C for C,apache-2.0,0,162,162,39,7,2015-11-09,C,aa1276339a8f9458fa4e478edfeedd940f0e6d4d,2017-11-24,644,11,2015-11-09,2017-11-14,0,
237,47219360,https://github.com/RoaringBitmap/CRoaring,,,,RoaringBitmap,CRoaring,Roaring bitmaps in C (and C++),apache-2.0,0,193,193,42,15,2015-12-01,C,5da915d242f384b0bcddcd1fa38be4859f1c976e,2017-11-24,683,17,2015-12-01,2017-11-15,0,
46,47447145,https://github.com/LingJiJian/uLui,,,,LingJiJian,uLui,unity3d - advanced control library,mit,0,177,177,88,1,2015-12-05,C,92b0b3f492e63de5ab697c89237ffb547860cc1d,2017-11-23,116,5,2015-12-05,2017-08-03,0,
362,49180536,https://github.com/itsmeichigo/URLPreview,,,,itsmeichigo,URLPreview,An NSURL extension for showing preview info of webpages,mit,0,182,182,12,0,2016-01-07,C,bf709dae1bd00177abe8c2419a85dda4a5a48d01,2017-11-24,24,2,2016-01-07,2016-11-30,0,
525,49738717,https://github.com/teran-mckinney/raru,,,,teran-mckinney,raru,raru: run as random user,unlicense,0,160,160,8,5,2016-01-15,C,e7605f4b8b58125ae6be6d904f3a379cd2262799,2017-11-24,12,7,2016-01-15,2016-07-04,0,
775,49745556,https://github.com/hvqzao/foolav,,,,hvqzao,foolav,Pentest tool for antivirus evasion and running arbitrary payload on target Wintel host,mit,0,145,145,38,0,2016-01-15,C,5ff8e6c44af76036f6b0c1834208ac860f75bf35,2017-11-24,9,3,2016-01-15,2016-05-06,0,
609,49816276,https://github.com/boazsegev/facil.io,,,,boazsegev,facil.io,"Your powerful network backend in C, with HTTP and Websocket support",mit,0,154,154,9,2,2016-01-17,C,c5dab2d067b435555e06756af18c7a25d27683bb,2017-11-24,984,7,2016-01-17,2017-11-16,0,
400,50135357,https://github.com/ant-media/LibRtmp-Client-for-Android,,,,ant-media,LibRtmp-Client-for-Android,"It is probably the smallest(~60KB, fat version ~300KB) rtmp client for android. It calls librtmp functions over JNI interface",apache-2.0,0,168,168,84,10,2016-01-21,C,58c1d97069074dd0db605d2c1da353c79089f24a,2017-11-24,41,5,2016-01-21,2017-09-06,0,
100,50387722,https://github.com/01org/isa-l,,,,01org,isa-l,Intelligent Storage Acceleration Library,bsd-3-clause,0,172,172,51,8,2016-01-25,C,f7b6e73146657bb43366c77badb3d783d697025a,2017-11-23,188,7,2015-10-22,2017-10-20,0,
768,50915190,https://github.com/caryll/otfcc,,,,caryll,otfcc,Optimized OpenType builder and inspector.,apache-2.0,0,146,146,19,7,2016-02-02,C,77134110dea7212f939c54191e05b2a6e0050905,2017-11-24,734,12,2016-02-02,2017-09-28,0,
410,51344685,https://github.com/codeplea/genann,,,,codeplea,genann,simple neural network library in ANSI C,zlib,0,167,167,25,3,2016-02-09,C,88c9d3513b34f86ad0421730fdf71bd7ec92220c,2017-11-24,20,3,2016-02-10,2017-08-20,0,
197,53402852,https://github.com/rryqszq4/ngx_php,,,,rryqszq4,ngx_php,ngx_php -  Embedded php script language for nginx-module.,bsd-2-clause,0,196,196,25,3,2016-03-08,C,b8ef4c768b55cc33416c51e0a1595ecf8672f74e,2017-11-24,450,7,2016-03-08,2017-10-21,0,
134,53894049,https://github.com/indjev99/Evolving-Snakes,,,,indjev99,Evolving-Snakes,Snakes from the classical game are controlled by neural networks and evolve using a genetic algorithm.,mit,0,170,170,7,0,2016-03-14,C,826efa46db301867bade327582b8257620f1577b,2017-11-23,51,2,2016-03-14,2017-09-27,0,
853,54803019,https://github.com/cnlohr/espthernet,,,,cnlohr,espthernet,ESP8266 10-Base-T Ethernet Driver,bsd-2-clause,0,141,141,20,2,2016-03-26,C,348050286698f9964fa26e89bfd5dcaa421f22af,2017-11-24,61,4,2016-03-26,2017-05-23,0,
19,55297633,https://github.com/DarthTon/HyperBone,,,,DarthTon,HyperBone,Minimalistic VT-x hypervisor with hooks,mit,0,179,179,84,10,2016-04-02,C,23476846b1030a30a28aa38ac573f44ec5921ca7,2017-11-23,7,3,2016-04-02,2016-11-26,0,
16,55984799,https://github.com/spotify/echoprint-server,,,,spotify,echoprint-server,Server for the Echoprint audio fingerprint system,apache-2.0,0,179,179,46,6,2016-04-11,C,e2800e3c67f685d6c455df8d0815443185514192,2017-11-23,8,5,2016-01-12,2016-11-08,0,
162,56053003,https://github.com/zserge/partcl,,,,zserge,partcl,ParTcl - a micro Tcl implementation,mit,0,199,199,13,3,2016-04-12,C,3be59f968362b9405d81ec39388d9ed41ea3dc02,2017-11-24,24,3,2016-04-08,2017-06-07,0,
536,56974714,https://github.com/mengxiangyue/MShare_Salon,,,,mengxiangyue,MShare_Salon,"MShare?????iOS?Android???????,??????????? @???_iOS",mit,0,159,159,15,1,2016-04-24,C,0e4248726341045803ef3390130f6d59d94df384,2017-11-24,8,4,2016-04-24,2016-04-27,0,
757,57128539,https://github.com/aarond10/https_dns_proxy,,,,aarond10,https_dns_proxy,A lightweight DNS-over-HTTPS proxy.,mit,0,146,146,25,8,2016-04-26,C,ff169b05cc91b6f3c1b897749922bcb132060ea7,2017-11-24,64,3,2016-04-26,2017-11-19,0,
131,57458818,https://github.com/neonichu/trolldrop,,,,neonichu,trolldrop,:trollface: AirDrop trollfaces to everyone.,mit,0,170,170,9,2,2016-04-30,C,27b012f57c860c6ea244d6fb04815128dc8d7639,2017-11-23,6,4,2016-04-30,2017-05-24,0,
207,59716942,https://github.com/donnie4w/tim,,,,donnie4w,tim,"tim???????????,??thrift????,???????",apache-2.0,0,195,195,75,11,2016-05-26,C,bd8763745ae3d34a4b1b603369551e4756c700a4,2017-11-24,23,2,2016-05-26,2017-07-31,0,
666,59763343,https://github.com/sharksync/sharkorm,,,,sharksync,sharkorm,Shark ORM for iOS/macOS/tvOS/watchOS,mit,0,151,151,22,13,2016-05-26,C,63113f88eea7438863466f9450431aa072fc93f1,2017-11-24,113,6,2016-06-16,2017-10-25,0,
10,60119352,https://github.com/randrew/layout,,,,randrew,layout,Single-file library for calculating 2D UI layouts using stacking boxes. Compiles as C99 or C++.,mit,0,180,180,6,3,2016-05-31,C,cad4eb645163d66707eb573ed63e34feb4311c32,2017-11-23,37,2,2016-05-31,2017-06-27,0,
246,60188025,https://github.com/DataDog/zstd,,,,DataDog,zstd,Zstd wrapper for Go,bsd-3-clause,0,192,192,15,4,2016-06-01,C,0727e1752ea5db67e0ede4e0fb7168ddc6ead61b,2017-11-24,27,5,2016-02-06,2017-09-07,0,
733,61691933,https://github.com/del-xiong/screw-plus,,,,del-xiong,screw-plus,"??php??????,??screw????,?????linux???",bsd-3-clause,0,148,148,57,5,2016-06-22,C,ab666160ea579e59b94bfc72b63f7d72778b2dc2,2017-11-24,18,5,2016-06-22,2017-04-18,0,
530,62988639,https://github.com/jasonwhite/ducible,,,,jasonwhite,ducible,A tool to make Windows builds reproducible.,mit,0,159,159,11,1,2016-07-10,C,c94ecc83bce55000d666c7b3710c0bd25047ca59,2017-11-24,216,4,2016-07-10,2017-11-07,0,
784,63399083,https://github.com/vimfung/LuaScriptCore,,,,vimfung,LuaScriptCore,"??????????Lua???,?????iOS?Mac OS X?Android??Unity3D???,??????Lua??????",apache-2.0,0,145,145,33,1,2016-07-15,C,6b8eb4af927fe77f47db0fc5f7f76e3489f994e4,2017-11-24,146,2,2016-07-15,2017-11-24,0,
802,66927845,https://github.com/ele7enxxh/android-afl,,,,ele7enxxh,android-afl,Fuzzing Android program with american fuzzy lop (AFL),apache-2.0,0,144,144,70,11,2016-08-30,C,e94aca9fb3ce2136cdd7fb615c2226c4a9094fcd,2017-11-24,29,4,2016-08-30,2017-08-02,0,
414,67777514,https://github.com/kingwang666/AppAddUpdate,,,,kingwang666,AppAddUpdate,Android app ????,apache-2.0,0,167,167,25,0,2016-09-09,C,788766cb37c3b636be1beb453d81284daa9b8665,2017-11-24,9,3,2016-09-09,2016-11-13,0,
520,71595650,https://github.com/mrexodia/TitanHide,,,,mrexodia,TitanHide,Hiding kernel-driver for x86/x64.,mit,0,160,160,57,5,2016-10-21,C,3bb2af068278ca64d67f4ca109bb56121d946131,2017-11-24,157,9,2014-01-18,2017-11-08,0,
817,72451228,https://github.com/yifanlu/taiHEN,,,,yifanlu,taiHEN,CFW framework for PS Vita,mit,0,143,143,20,12,2016-10-31,C,b15686581d8ef9b6fb28a064f15e64b7aea9e095,2017-11-24,114,8,2016-09-29,2017-11-13,0,
707,73370154,https://github.com/jedisct1/blacknurse,,,,jedisct1,blacknurse,BlackNurse attack PoC,bsd-2-clause,0,149,149,65,0,2016-11-10,C,d2a2b23544295844714ebf8d2d78af37fe5770c9,2017-11-24,9,2,2016-11-10,2016-11-17,0,
732,73458530,https://github.com/ThunderCls/xAnalyzer,,,,ThunderCls,xAnalyzer,xAnalyzer plugin for x64dbg,mit,0,148,148,32,4,2016-11-11,C,a6e71f159721396713c3855a863942b4b88bac36,2017-11-24,46,6,2016-11-11,2017-06-16,0,
830,73730714,https://github.com/pycom/pycom-micropython,,,,pycom,pycom-micropython,DO NOT USE - THIS IN AN OLD VERSION. Use pycom-micropython-sigfox instead.,mit,0,142,142,60,52,2016-11-14,C,e41dd2f6104933afbb3146f2854701b3e16d3854,2017-11-24,6698,167,2013-10-04,2017-03-07,0,
297,74583692,https://github.com/gingerBill/Odin,,,,gingerBill,Odin,Odin Programming Language,bsd-2-clause,0,187,187,23,18,2016-11-23,C,b651466630f4a643711ac1e266db72eab2029e7f,2017-11-24,803,11,2016-07-07,2017-11-16,0,
537,76920724,https://github.com/mjosaarinen/dekryptize,,,,mjosaarinen,dekryptize,"A ncurses animation to make decryption look like, well, decryption. ",unlicense,0,159,159,10,2,2016-12-20,C,cedac48b79ac76f795be3b59e77867dced56f0f6,2017-11-24,8,3,2016-12-20,2016-12-21,0,
580,77414939,https://github.com/armink/CmBacktrace,,,,armink,CmBacktrace,Advanced fault backtrace library for ARM Cortex-M series MCU | ARM Cortex-M ?? MCU ?????,mit,0,156,156,79,2,2016-12-27,C,8363ccb913dbd0c85f4ce16bfe437ac69469b963,2017-11-24,49,4,2016-12-27,2017-11-04,0,
751,77986820,https://github.com/LPD-iOS/FlexBoxLayout,,,,LPD-iOS,FlexBoxLayout,iOS Flexbox Layout,mit,0,146,146,19,4,2017-01-04,C,2c7c6066681fc5d1d8ac04e13834634f34632710,2017-11-24,49,5,2017-01-03,2017-06-19,0,
23,80191982,https://github.com/gen2brain/raylib-go,,,,gen2brain,raylib-go,"Go bindings for raylib, a simple and easy-to-use library to learn videogames programming.",zlib,0,178,178,10,5,2017-01-27,C,f200ce6e7ec0bf5e3166ad1a3cadc4cc2f847a62,2017-11-23,123,4,2017-01-27,2017-11-14,0,
462,81347238,https://github.com/artkond/Invoke-Vnc,,,,artkond,Invoke-Vnc,Powershell VNC injector,apache-2.0,0,163,163,31,0,2017-02-08,C,906c7476b9490817a6defa63e86a5b8c52690182,2017-11-24,5,3,2017-02-08,2017-02-09,0,
373,82937434,https://github.com/vusec/vuzzer,,,,vusec,vuzzer,,apache-2.0,0,181,181,61,4,2017-02-23,C,f6f7d593a0e76e86afb3c7af6d5186f897bab979,2017-11-24,5,6,2017-02-23,2017-08-08,0,
58,83370490,https://github.com/chrisjmccormick/word2vec_commented,,,,chrisjmccormick,word2vec_commented,Commented (but unaltered) version of original word2vec C implementation.,apache-2.0,0,176,176,65,2,2017-02-28,C,07e9576bbf05c9cefaf8aa590555ce9bc04b041b,2017-11-23,19,3,2017-01-13,2017-07-14,0,
273,87282406,https://github.com/yourtion/LearningMasteringAlgorithms-C,,,,yourtion,LearningMasteringAlgorithms-C,Mastering Algorithms with C ?????:C????????Xcode???Linux??,mit,0,190,190,64,1,2017-04-05,C,bbf74e6af774ce851f9f31a2d14161f7a29e65b7,2017-11-24,211,3,2017-04-05,2017-06-05,0,
186,89234905,https://github.com/hfiref0x/UPGDSED,,,,hfiref0x,UPGDSED,Universal PatchGuard and Driver Signature Enforcement Disable,mit,0,197,197,79,1,2017-04-24,C,4de39179aaf19be984fb8f754772d765a88adebb,2017-11-24,15,3,2017-04-24,2017-07-28,0,
535,89377392,https://github.com/swaywm/wlroots,,,,swaywm,wlroots,A modular Wayland compositor library,mit,0,159,159,29,44,2017-04-25,C,10f3be73843250c400531873b4dd27dba44919fd,2017-11-24,1041,23,2017-04-25,2017-11-16,0,
170,90312647,https://github.com/zerotier/toss,,,,zerotier,toss,Dead simple LAN file transfers from the command line,mit,0,198,198,8,3,2017-05-04,C,123e71889f89ad2e65e9adcb030e80c3deba2445,2017-11-24,18,2,2017-05-04,2017-05-09,0,
82,94102139,https://github.com/Paradoxis/PHP-Rootkit,,,,Paradoxis,PHP-Rootkit,Your interpreter isn�t safe anymore  �  The PHP module rootkit,mit,0,173,173,58,0,2017-06-12,C,93fcb48e7b09c4103dfaf314d156b121cf91b72d,2017-11-23,5,3,2017-06-12,2017-07-31,0,
804,94342079,https://github.com/RKX1209/kernel_exploit_world,,,,RKX1209,kernel_exploit_world,Tutorial for writing kernel exploits,apache-2.0,0,144,144,21,0,2017-06-14,C,e14f47a108533b5b67fe5989d05ede429000df9d,2017-11-24,20,3,2017-06-14,2017-07-20,0,
594,94888399,https://github.com/tobegit3hub/miniflow,,,,tobegit3hub,miniflow,Minimal numerical computation library with TensorFlow APIs,apache-2.0,0,155,155,28,0,2017-06-20,C,1226f1f5ba4b8cb1304646b04dc1bdaa003742fd,2017-11-24,54,2,2017-06-20,2017-07-20,0,
94,95553000,https://github.com/nem0/OpenFBX,,,,nem0,OpenFBX,Lightweight open source FBX importer,mit,0,173,173,9,10,2017-06-27,C,07b30533c666b818224b2bcf4cefcc008c4e9747,2017-11-23,62,4,2017-06-27,2017-11-06,0,
581,97212490,https://github.com/floooh/sokol,,,,floooh,sokol,minimal 3D API wrapper as header-only C library,mit,0,156,156,7,5,2017-07-14,C,9146bcaa43c91c99c7c77c0b2739f4c48a1c29bf,2017-11-24,223,4,2017-07-14,2017-11-16,0,
228,97537048,https://github.com/mologie/NVWebDriverLibValFix,,,,mologie,NVWebDriverLibValFix,Fixes the NVIDIA web driver's blank window issue on macOS Sierra with a small and safe kernel patch,mit,0,193,193,14,2,2017-07-18,C,454d14c9c67eec35e9538e3afc729c4e4a77ee4b,2017-11-24,4,2,2017-07-18,2017-07-19,0,
342,97553311,https://github.com/brannondorsey/naive-hashcat,,,,brannondorsey,naive-hashcat,Crack password hashes without the fuss :cat2:,mit,0,184,184,19,1,2017-07-18,C,7dc2e3bfd128a4e72dc6e0503d5944c5ab250e45,2017-11-24,9,2,2017-07-18,2017-11-01,0,
88,97612481,https://github.com/lh3/minimap2,,,,lh3,minimap2,A versatile pairwise aligner for genomic and spliced nucleotide sequences,mit,0,173,173,21,5,2017-07-18,C,662d05dc02f68e14706ff853758fb9d8fddf6b9f,2017-11-23,540,10,2017-04-05,2017-11-13,0,
307,98021113,https://github.com/icing/mod_md,,,,icing,mod_md,Let's Encrypt (ACME) support for Apache httpd,apache-2.0,0,186,186,10,4,2017-07-22,C,93c3b3a3f79ad1184b98a61d17ccf0cab55aa5cf,2017-11-24,402,10,2017-05-03,2017-11-16,0,
722,99323866,https://github.com/JRHZRD/swapdb,,,,JRHZRD,swapdb,"A redis compatiable storage which support data exchange between memory and disk. the main thought of swapcache is, keep hot keys in redis and cold keys in disk, to be more important, when a disk key becomes hot, load it to redis, when a memory key becomes cold, transfter it to disk. by using swapcache, we can have both a high preformance cache and high capacity KV storage.",bsd-2-clause,0,148,148,27,1,2017-08-04,C,b92761fefaa049fe1d614e0f5c2c5a4c6b2cb666,2017-11-24,2721,43,2015-08-20,2017-09-28,0,
845,105834107,https://github.com/ferreiradaselva/mathc,,,,ferreiradaselva,mathc,Pure C math library for 2D and 3D game programming,zlib,0,141,141,9,4,2017-10-05,C,9664a53c49bf97bb8484cda5be2b08218f7ece14,2017-11-24,107,4,2017-10-05,2017-11-21,0,
204,107612962,https://github.com/blkchain/pg_blkchain,,,,blkchain,pg_blkchain,PostgreSQL Blockchain Extension,mit,0,195,195,15,0,2017-10-20,C,d90127e749a72c918fe3499cfc4d26a731ba30d5,2017-11-24,12,2,2017-10-20,2017-11-07,0,
